{"_runtime":357.205568937,"eval/rollout_ep1":{"_type":"video-file","sha256":"08188e71a89306b4d38a249c26731b11c90aaec8f3933bb0371d4c42b58fa645","size":59964,"path":"media/videos/eval/rollout_ep1_37799_08188e71a89306b4d38a.mp4"},"eval/mean_reward":0.5404581182745083,"eval/rollout_ep2":{"_type":"video-file","sha256":"66265cc24bf1c7fd9b213ce74cd854dd2ab8bbb59cd077ac3b9b9a96fa18f0c1","size":52122,"path":"media/videos/eval/rollout_ep2_37799_66265cc24bf1c7fd9b21.mp4"},"_step":37800,"eval/rollout_ep4":{"_type":"video-file","sha256":"79cd71313ad416fd42e5832a7ee37c3013ebee12336702225bcb4c63f4372ffa","size":48950,"path":"media/videos/eval/rollout_ep4_37799_79cd71313ad416fd42e5.mp4"},"_wandb":{"runtime":357},"eval/rollout_ep3":{"sha256":"77491adb8ddaefe17f2453d03b725cb1aa984f9f6f734a0c8ab441181f6061cb","size":54929,"path":"media/videos/eval/rollout_ep3_37799_77491adb8ddaefe17f24.mp4","_type":"video-file"},"_timestamp":1.7699948216529372e+09,"train/loss":0.020470082759857178,"step":37800,"eval/rollout_ep0":{"sha256":"1e1d5a4f9be51d0618cb46af7323d9dd87cd0bd994fe3a7fb3ae45ad76a521f6","size":27632,"path":"media/videos/eval/rollout_ep0_37799_1e1d5a4f9be51d0618cb.mp4","_type":"video-file"}}