{
  "os":  "Linux-4.4.0-x86_64-with-glibc2.36",
  "python":  "CPython 3.11.12",
  "startedAt":  "2026-02-01T23:27:17.113763Z",
  "program":  "-m modal._container_entrypoint",
  "email":  "lihanc@berkeley.edu",
  "root":  "/vol/wandb",
  "host":  "modal",
  "executable":  "/.uv/.venv/bin/python",
  "cpu_count":  14,
  "cpu_count_logical":  14,
  "gpu":  "Tesla T4",
  "gpu_count":  1,
  "disk":  {
    "/":  {
      "total":  "549755813888",
      "used":  "12664832"
    }
  },
  "memory":  {
    "total":  "126061125632"
  },
  "gpu_nvidia":  [
    {
      "name":  "Tesla T4",
      "memoryTotal":  "16106127360",
      "cudaCores":  2560,
      "architecture":  "Turing",
      "uuid":  "GPU-92d0c531-ee41-ec37-ea9f-74fa425c3294"
    }
  ],
  "cudaVersion":  "13.0",
  "writerId":  "pmqcosfqgpeahsyj6x97ta0vmnjww3hg"
}